MapMySectionsID,Genetics Tools Type,STPT Data File Path,STPT Thumbnail Image,Neuroglancer File Path,CCF Registered Image File Path,|,ABC.NN,Astro.TE.NN,CLA.EPd.CTX.Car3.Glut,Endo.NN,L2.3.IT.CTX.Glut,L4.5.IT.CTX.Glut,L5.ET.CTX.Glut,L5.IT.CTX.Glut,L5.NP.CTX.Glut,L6.CT.CTX.Glut,L6.IT.CTX.Glut,L6b.CTX.Glut,Lamp5.Gaba,Lamp5.Lhx6.Gaba,Lymphoid.NN,Microglia.NN,OPC.NN,Oligo.NN,Peri.NN,Pvalb.Gaba,Pvalb.chandelier.Gaba,SMC.NN,Sncg.Gaba,Sst.Chodl.Gaba,Sst.Gaba,VLMC.NN,Vip.Gaba,|,Optional additional information about supertype or cluster classificatoin
MMS.test.001,Enhancer AAV,s3://allen-genetic-tools/tissuecyte/1395327723/ome_zarr_conversion/1395327723.zarr/,https://s3.us-west-2.amazonaws.com/allen-genetic-tools/bio_file_finder/Thumbnails/STPT/748558_STPT_Thumbnail.png,https://neuroglancer-demo.appspot.com/#!s3://allen-genetic-tools/bio_file_finder/STPT/748558_STPT.json,https://s3.us-west-2.amazonaws.com/map-my-sections-802451596237-us-west-2/stpt-image-data/1395327723/1395327723.quantification.zip,|,,,,,,,,,,,,,,,,,,,,,,,,,,,,|,
MMS.test.002,Mouse transgenic line,s3://allen-genetic-tools/tissuecyte/1160098750/ome_zarr_conversion/1160098750.zarr/,https://s3.us-west-2.amazonaws.com/allen-genetic-tools/bio_file_finder/Thumbnails/STPT/610517_STPT_Thumbnail.png,https://neuroglancer-demo.appspot.com/#!s3://allen-genetic-tools/bio_file_finder/STPT/610517_STPT.json,https://s3.us-west-2.amazonaws.com/map-my-sections-802451596237-us-west-2/stpt-image-data/1160098750/1160098750.quantification.zip,|,,,,,,,,,,,,,,,,,,,,,,,,,,,,|,
MMS.test.003,Enhancer AAV,s3://allen-genetic-tools/tissuecyte/1284586710/ome_zarr_conversion/1284586710.zarr/,https://s3.us-west-2.amazonaws.com/allen-genetic-tools/bio_file_finder/Thumbnails/STPT/687206_STPT_Thumbnail.png,https://neuroglancer-demo.appspot.com/#!s3://allen-genetic-tools/bio_file_finder/STPT/687206_STPT.json,https://s3.us-west-2.amazonaws.com/map-my-sections-802451596237-us-west-2/stpt-image-data/1284586710/1284586710.quantification.zip,|,,,,,,,,,,,,,,,,,,,,,,,,,,,,|,
MMS.test.004,Enhancer AAV,s3://allen-genetic-tools/tissuecyte/1121032151/ome_zarr_conversion/1121032151.zarr/,https://s3.us-west-2.amazonaws.com/allen-genetic-tools/bio_file_finder/Thumbnails/STPT/578062_STPT_Thumbnail.png,https://neuroglancer-demo.appspot.com/#!s3://allen-genetic-tools/bio_file_finder/STPT/578062_STPT.json,https://s3.us-west-2.amazonaws.com/map-my-sections-802451596237-us-west-2/stpt-image-data/1121032151/1121032151.quantification.zip,|,,,,,,,,,,,,,,,,,,,,,,,,,,,,|,
MMS.test.005,Enhancer AAV,s3://allen-genetic-tools/tissuecyte/1124229432/ome_zarr_conversion/1124229432.zarr/,https://s3.us-west-2.amazonaws.com/allen-genetic-tools/bio_file_finder/Thumbnails/STPT/579920_STPT_Thumbnail.png,https://neuroglancer-demo.appspot.com/#!s3://allen-genetic-tools/bio_file_finder/STPT/579920_STPT.json,https://s3.us-west-2.amazonaws.com/map-my-sections-802451596237-us-west-2/stpt-image-data/1124229432/1124229432.quantification.zip,|,,,,,,,,,,,,,,,,,,,,,,,,,,,,|,
MMS.test.006,Enhancer AAV,s3://allen-genetic-tools/tissuecyte/1342775164/ome_zarr_conversion/1342775164.zarr/,https://s3.us-west-2.amazonaws.com/allen-genetic-tools/bio_file_finder/Thumbnails/STPT/722748_STPT_Thumbnail.png,https://neuroglancer-demo.appspot.com/#!s3://allen-genetic-tools/bio_file_finder/STPT/722748_STPT.json,https://s3.us-west-2.amazonaws.com/map-my-sections-802451596237-us-west-2/stpt-image-data/1342775164/1342775164.quantification.zip,|,,,,,,,,,,,,,,,,,,,,,,,,,,,,|,
MMS.test.007,Enhancer AAV,s3://allen-genetic-tools/tissuecyte/1330232858/ome_zarr_conversion/1330232858.zarr/,https://s3.us-west-2.amazonaws.com/allen-genetic-tools/bio_file_finder/Thumbnails/STPT/710232_STPT_Thumbnail.png,https://neuroglancer-demo.appspot.com/#!s3://allen-genetic-tools/bio_file_finder/STPT/710232_STPT.json,https://s3.us-west-2.amazonaws.com/map-my-sections-802451596237-us-west-2/stpt-image-data/1330232858/1330232858.quantification.zip,|,,,,,,,,,,,,,,,,,,,,,,,,,,,,|,
MMS.test.008,Enhancer AAV,s3://allen-genetic-tools/tissuecyte/1125488339/ome_zarr_conversion/1125488339.zarr/,https://s3.us-west-2.amazonaws.com/allen-genetic-tools/bio_file_finder/Thumbnails/STPT/574636_STPT_Thumbnail.png,https://neuroglancer-demo.appspot.com/#!s3://allen-genetic-tools/bio_file_finder/STPT/574636_STPT.json,https://s3.us-west-2.amazonaws.com/map-my-sections-802451596237-us-west-2/stpt-image-data/1125488339/1125488339.quantification.zip,|,,,,,,,,,,,,,,,,,,,,,,,,,,,,|,
MMS.test.009,Mouse transgenic line,s3://allen-genetic-tools/tissuecyte/768608762/ome_zarr_conversion/768608762.zarr/,https://s3.us-west-2.amazonaws.com/allen-genetic-tools/bio_file_finder/Thumbnails/STPT/417475_STPT_Thumbnail.png,https://neuroglancer-demo.appspot.com/#!s3://allen-genetic-tools/bio_file_finder/STPT/417475_STPT.json,,|,,,,,,,,,,,,,,,,,,,,,,,,,,,,|,
MMS.test.010,Mouse transgenic line,s3://allen-genetic-tools/tissuecyte/855881371/ome_zarr_conversion/855881371.zarr/,https://s3.us-west-2.amazonaws.com/allen-genetic-tools/bio_file_finder/Thumbnails/STPT/435150_STPT_Thumbnail.png,https://neuroglancer-demo.appspot.com/#!s3://allen-genetic-tools/bio_file_finder/STPT/435150_STPT.json,,|,,,,,,,,,,,,,,,,,,,,,,,,,,,,|,
MMS.test.011,Mouse transgenic line,s3://allen-genetic-tools/tissuecyte/1294955937/ome_zarr_conversion/1294955937.zarr/,https://s3.us-west-2.amazonaws.com/allen-genetic-tools/bio_file_finder/Thumbnails/STPT/675050_STPT_Thumbnail.png,https://neuroglancer-demo.appspot.com/#!s3://allen-genetic-tools/bio_file_finder/STPT/675050_STPT.json,https://s3.us-west-2.amazonaws.com/map-my-sections-802451596237-us-west-2/stpt-image-data/1294955937/1294955937.quantification.zip,|,,,,,,,,,,,,,,,,,,,,,,,,,,,,|,
MMS.test.012,Enhancer AAV,s3://allen-genetic-tools/tissuecyte/1275058699/ome-zarr/,https://s3.us-west-2.amazonaws.com/allen-genetic-tools/bio_file_finder/Thumbnails/STPT/673431_STPT_Thumbnail.png,https://neuroglancer-demo.appspot.com/#!s3://allen-genetic-tools/bio_file_finder/STPT/673431_STPT.json,https://s3.us-west-2.amazonaws.com/map-my-sections-802451596237-us-west-2/stpt-image-data/1275058699/1275058699.quantification.zip,|,,,,,,,,,,,,,,,,,,,,,,,,,,,,|,
MMS.test.013,Enhancer AAV,s3://allen-genetic-tools/tissuecyte/1217171761/ome_zarr_conversion/1217171761.zarr/,https://s3.us-west-2.amazonaws.com/allen-genetic-tools/bio_file_finder/Thumbnails/STPT/646707_STPT_Thumbnail.png,https://neuroglancer-demo.appspot.com/#!s3://allen-genetic-tools/bio_file_finder/STPT/646707_STPT.json,https://s3.us-west-2.amazonaws.com/map-my-sections-802451596237-us-west-2/stpt-image-data/1217171761/1217171761.quantification.zip,|,,,,,,,,,,,,,,,,,,,,,,,,,,,,|,
MMS.test.014,Enhancer AAV,s3://allen-genetic-tools/tissuecyte/1290180106/ome_zarr_conversion/1290180106.zarr/,https://s3.us-west-2.amazonaws.com/allen-genetic-tools/bio_file_finder/Thumbnails/STPT/691384_STPT_Thumbnail.png,https://neuroglancer-demo.appspot.com/#!s3://allen-genetic-tools/bio_file_finder/STPT/691384_STPT.json,https://s3.us-west-2.amazonaws.com/map-my-sections-802451596237-us-west-2/stpt-image-data/1290180106/1290180106.quantification.zip,|,,,,,,,,,,,,,,,,,,,,,,,,,,,,|,
MMS.test.015,Enhancer AAV,s3://allen-genetic-tools/tissuecyte/1279523991/ome_zarr_conversion/1279523991.zarr/,https://s3.us-west-2.amazonaws.com/allen-genetic-tools/bio_file_finder/Thumbnails/STPT/681760_STPT_Thumbnail.png,https://neuroglancer-demo.appspot.com/#!s3://allen-genetic-tools/bio_file_finder/STPT/681760_STPT.json,https://s3.us-west-2.amazonaws.com/map-my-sections-802451596237-us-west-2/stpt-image-data/1279523991/1279523991.quantification.zip,|,,,,,,,,,,,,,,,,,,,,,,,,,,,,|,
MMS.test.016,Enhancer AAV,s3://allen-genetic-tools/tissuecyte/1194623857/ome_zarr_conversion/1194623857.zarr/,https://s3.us-west-2.amazonaws.com/allen-genetic-tools/bio_file_finder/Thumbnails/STPT/632621_STPT_Thumbnail.png,https://neuroglancer-demo.appspot.com/#!s3://allen-genetic-tools/bio_file_finder/STPT/632621_STPT.json,https://s3.us-west-2.amazonaws.com/map-my-sections-802451596237-us-west-2/stpt-image-data/1194623857/1194623857.quantification.zip,|,,,,,,,,,,,,,,,,,,,,,,,,,,,,|,
MMS.test.017,Enhancer AAV,s3://allen-genetic-tools/tissuecyte/1171614774/ome_zarr_conversion/1171614774.zarr/,https://s3.us-west-2.amazonaws.com/allen-genetic-tools/bio_file_finder/Thumbnails/STPT/620453_STPT_Thumbnail.png,https://neuroglancer-demo.appspot.com/#!s3://allen-genetic-tools/bio_file_finder/STPT/620453_STPT.json,https://s3.us-west-2.amazonaws.com/map-my-sections-802451596237-us-west-2/stpt-image-data/1171614774/1171614774.quantification.zip,|,,,,,,,,,,,,,,,,,,,,,,,,,,,,|,
MMS.test.018,Enhancer AAV,s3://allen-genetic-tools/tissuecyte/1329605231/ome_zarr_conversion/1329605231.zarr/,https://s3.us-west-2.amazonaws.com/allen-genetic-tools/bio_file_finder/Thumbnails/STPT/708295_STPT_Thumbnail.png,https://neuroglancer-demo.appspot.com/#!s3://allen-genetic-tools/bio_file_finder/STPT/708295_STPT.json,https://s3.us-west-2.amazonaws.com/map-my-sections-802451596237-us-west-2/stpt-image-data/1329605231/1329605231.quantification.zip,|,,,,,,,,,,,,,,,,,,,,,,,,,,,,|,
MMS.test.019,Enhancer AAV,s3://allen-genetic-tools/tissuecyte/1269114167/ome_zarr_conversion/1269114167.zarr/,https://s3.us-west-2.amazonaws.com/allen-genetic-tools/bio_file_finder/Thumbnails/STPT/676101_STPT_Thumbnail.png,https://neuroglancer-demo.appspot.com/#!s3://allen-genetic-tools/bio_file_finder/STPT/676101_STPT.json,https://s3.us-west-2.amazonaws.com/map-my-sections-802451596237-us-west-2/stpt-image-data/1269114167/1269114167.quantification.zip,|,,,,,,,,,,,,,,,,,,,,,,,,,,,,|,
MMS.test.020,Enhancer AAV,s3://allen-genetic-tools/tissuecyte/1271310579/ome_zarr_conversion/1271310579.zarr/,https://s3.us-west-2.amazonaws.com/allen-genetic-tools/bio_file_finder/Thumbnails/STPT/670116_STPT_Thumbnail.png,https://neuroglancer-demo.appspot.com/#!s3://allen-genetic-tools/bio_file_finder/STPT/670116_STPT.json,https://s3.us-west-2.amazonaws.com/map-my-sections-802451596237-us-west-2/stpt-image-data/1271310579/1271310579.quantification.zip,|,,,,,,,,,,,,,,,,,,,,,,,,,,,,|,
MMS.test.021,Enhancer AAV,s3://allen-genetic-tools/tissuecyte/1370750958/ome_zarr_conversion/1370750958.zarr/,https://s3.us-west-2.amazonaws.com/allen-genetic-tools/bio_file_finder/Thumbnails/STPT/738799_STPT_Thumbnail.png,https://neuroglancer-demo.appspot.com/#!s3://allen-genetic-tools/bio_file_finder/STPT/738799_STPT.json,https://s3.us-west-2.amazonaws.com/map-my-sections-802451596237-us-west-2/stpt-image-data/1370750958/1370750958.quantification.zip,|,,,,,,,,,,,,,,,,,,,,,,,,,,,,|,
MMS.test.022,Enhancer AAV,s3://allen-genetic-tools/tissuecyte/1121959494/ome_zarr_conversion/1121959494.zarr/,https://s3.us-west-2.amazonaws.com/allen-genetic-tools/bio_file_finder/Thumbnails/STPT/581091_STPT_Thumbnail.png,https://neuroglancer-demo.appspot.com/#!s3://allen-genetic-tools/bio_file_finder/STPT/581091_STPT.json,https://s3.us-west-2.amazonaws.com/map-my-sections-802451596237-us-west-2/stpt-image-data/1121959494/1121959494.quantification.zip,|,,,,,,,,,,,,,,,,,,,,,,,,,,,,|,
MMS.test.023,Enhancer AAV,s3://allen-genetic-tools/tissuecyte/1269737003/ome_zarr_conversion/1269737003.zarr/,https://s3.us-west-2.amazonaws.com/allen-genetic-tools/bio_file_finder/Thumbnails/STPT/676099_STPT_Thumbnail.png,https://neuroglancer-demo.appspot.com/#!s3://allen-genetic-tools/bio_file_finder/STPT/676099_STPT.json,https://s3.us-west-2.amazonaws.com/map-my-sections-802451596237-us-west-2/stpt-image-data/1269737003/1269737003.quantification.zip,|,,,,,,,,,,,,,,,,,,,,,,,,,,,,|,
MMS.test.024,Enhancer AAV,s3://allen-genetic-tools/tissuecyte/1274881802/ome_zarr_conversion/1274881802.zarr/,https://s3.us-west-2.amazonaws.com/allen-genetic-tools/bio_file_finder/Thumbnails/STPT/673430_STPT_Thumbnail.png,https://neuroglancer-demo.appspot.com/#!s3://allen-genetic-tools/bio_file_finder/STPT/673430_STPT.json,https://s3.us-west-2.amazonaws.com/map-my-sections-802451596237-us-west-2/stpt-image-data/1274881802/1274881802.quantification.zip,|,,,,,,,,,,,,,,,,,,,,,,,,,,,,|,
MMS.test.025,Enhancer AAV,s3://allen-genetic-tools/tissuecyte/1285630098/ome_zarr_conversion/1285630098.zarr/,https://s3.us-west-2.amazonaws.com/allen-genetic-tools/bio_file_finder/Thumbnails/STPT/689281_STPT_Thumbnail.png,https://neuroglancer-demo.appspot.com/#!s3://allen-genetic-tools/bio_file_finder/STPT/689281_STPT.json,https://s3.us-west-2.amazonaws.com/map-my-sections-802451596237-us-west-2/stpt-image-data/1285630098/1285630098.quantification.zip,|,,,,,,,,,,,,,,,,,,,,,,,,,,,,|,
MMS.test.026,Mouse transgenic line,s3://allen-genetic-tools/tissuecyte/1066935355/ome_zarr_conversion/1066935355.zarr/,https://s3.us-west-2.amazonaws.com/allen-genetic-tools/bio_file_finder/Thumbnails/STPT/553841_STPT_Thumbnail.png,https://neuroglancer-demo.appspot.com/#!s3://allen-genetic-tools/bio_file_finder/STPT/553841_STPT.json,,|,,,,,,,,,,,,,,,,,,,,,,,,,,,,|,
MMS.test.027,Enhancer AAV,s3://allen-genetic-tools/tissuecyte/1199231551/ome_zarr_conversion/1199231551.zarr/,https://s3.us-west-2.amazonaws.com/allen-genetic-tools/bio_file_finder/Thumbnails/STPT/637257_STPT_Thumbnail.png,https://neuroglancer-demo.appspot.com/#!s3://allen-genetic-tools/bio_file_finder/STPT/637257_STPT.json,https://s3.us-west-2.amazonaws.com/map-my-sections-802451596237-us-west-2/stpt-image-data/1199231551/1199231551.quantification.zip,|,,,,,,,,,,,,,,,,,,,,,,,,,,,,|,
MMS.test.028,Enhancer AAV,s3://allen-genetic-tools/tissuecyte/1177650400/ome-zarr/,https://s3.us-west-2.amazonaws.com/allen-genetic-tools/bio_file_finder/Thumbnails/STPT/622122_STPT_Thumbnail.png,https://neuroglancer-demo.appspot.com/#!s3://allen-genetic-tools/bio_file_finder/STPT/622122_STPT.json,https://s3.us-west-2.amazonaws.com/map-my-sections-802451596237-us-west-2/stpt-image-data/1177650400/1177650400.quantification.zip,|,,,,,,,,,,,,,,,,,,,,,,,,,,,,|,
MMS.test.029,Enhancer AAV,s3://allen-genetic-tools/tissuecyte/1330654699/ome_zarr_conversion/1330654699.zarr/,https://s3.us-west-2.amazonaws.com/allen-genetic-tools/bio_file_finder/Thumbnails/STPT/711358_STPT_Thumbnail.png,https://neuroglancer-demo.appspot.com/#!s3://allen-genetic-tools/bio_file_finder/STPT/711358_STPT.json,https://s3.us-west-2.amazonaws.com/map-my-sections-802451596237-us-west-2/stpt-image-data/1330654699/1330654699.quantification.zip,|,,,,,,,,,,,,,,,,,,,,,,,,,,,,|,
MMS.test.030,Enhancer AAV,s3://allen-genetic-tools/tissuecyte/1275135504/ome_zarr_conversion/1275135504.zarr/,https://s3.us-west-2.amazonaws.com/allen-genetic-tools/bio_file_finder/Thumbnails/STPT/673432_STPT_Thumbnail.png,https://neuroglancer-demo.appspot.com/#!s3://allen-genetic-tools/bio_file_finder/STPT/673432_STPT.json,https://s3.us-west-2.amazonaws.com/map-my-sections-802451596237-us-west-2/stpt-image-data/1275135504/1275135504.quantification.zip,|,,,,,,,,,,,,,,,,,,,,,,,,,,,,|,
MMS.test.031,Enhancer AAV,s3://allen-genetic-tools/tissuecyte/1392937608/ome_zarr_conversion/1392937608.zarr/,https://s3.us-west-2.amazonaws.com/allen-genetic-tools/bio_file_finder/Thumbnails/STPT/750157_STPT_Thumbnail.png,https://neuroglancer-demo.appspot.com/#!s3://allen-genetic-tools/bio_file_finder/STPT/750157_STPT.json,https://s3.us-west-2.amazonaws.com/map-my-sections-802451596237-us-west-2/stpt-image-data/1392937608/1392937608.quantification.zip,|,,,,,,,,,,,,,,,,,,,,,,,,,,,,|,
MMS.test.032,Enhancer AAV,s3://allen-genetic-tools/tissuecyte/1109835221/ome_zarr_conversion/1109835221.zarr/,https://s3.us-west-2.amazonaws.com/allen-genetic-tools/bio_file_finder/Thumbnails/STPT/578069_STPT_Thumbnail.png,https://neuroglancer-demo.appspot.com/#!s3://allen-genetic-tools/bio_file_finder/STPT/578069_STPT.json,https://s3.us-west-2.amazonaws.com/map-my-sections-802451596237-us-west-2/stpt-image-data/1109835221/1109835221.quantification.zip,|,,,,,,,,,,,,,,,,,,,,,,,,,,,,|,
MMS.test.033,Enhancer AAV,s3://allen-genetic-tools/tissuecyte/1179425021/ome_zarr_conversion/1179425021.zarr/,https://s3.us-west-2.amazonaws.com/allen-genetic-tools/bio_file_finder/Thumbnails/STPT/623659_STPT_Thumbnail.png,https://neuroglancer-demo.appspot.com/#!s3://allen-genetic-tools/bio_file_finder/STPT/623659_STPT.json,https://s3.us-west-2.amazonaws.com/map-my-sections-802451596237-us-west-2/stpt-image-data/1179425021/1179425021.quantification.zip,|,,,,,,,,,,,,,,,,,,,,,,,,,,,,|,
MMS.test.034,Enhancer AAV,s3://allen-genetic-tools/tissuecyte/1381925158/ome_zarr_conversion/1381925158.zarr/,https://s3.us-west-2.amazonaws.com/allen-genetic-tools/bio_file_finder/Thumbnails/STPT/742724_STPT_Thumbnail.png,https://neuroglancer-demo.appspot.com/#!s3://allen-genetic-tools/bio_file_finder/STPT/742724_STPT.json,,|,,,,,,,,,,,,,,,,,,,,,,,,,,,,|,
MMS.test.035,Mouse transgenic line,s3://allen-genetic-tools/tissuecyte/1385562509/ome_zarr_conversion/1385562509.zarr/,https://s3.us-west-2.amazonaws.com/allen-genetic-tools/bio_file_finder/Thumbnails/STPT/743488_STPT_Thumbnail.png,https://neuroglancer-demo.appspot.com/#!s3://allen-genetic-tools/bio_file_finder/STPT/743488_STPT.json,https://s3.us-west-2.amazonaws.com/map-my-sections-802451596237-us-west-2/stpt-image-data/1385562509/1385562509.quantification.zip,|,,,,,,,,,,,,,,,,,,,,,,,,,,,,|,
MMS.test.036,Enhancer AAV,s3://allen-genetic-tools/tissuecyte/1233449902/ome_zarr_conversion/1233449902.zarr/,https://s3.us-west-2.amazonaws.com/allen-genetic-tools/bio_file_finder/Thumbnails/STPT/652697_STPT_Thumbnail.png,https://neuroglancer-demo.appspot.com/#!s3://allen-genetic-tools/bio_file_finder/STPT/652697_STPT.json,https://s3.us-west-2.amazonaws.com/map-my-sections-802451596237-us-west-2/stpt-image-data/1233449902/1233449902.quantification.zip,|,,,,,,,,,,,,,,,,,,,,,,,,,,,,|,
MMS.test.037,Enhancer AAV,s3://allen-genetic-tools/tissuecyte/1193025570/ome_zarr_conversion/1193025570.zarr/,https://s3.us-west-2.amazonaws.com/allen-genetic-tools/bio_file_finder/Thumbnails/STPT/634486_STPT_Thumbnail.png,https://neuroglancer-demo.appspot.com/#!s3://allen-genetic-tools/bio_file_finder/STPT/634486_STPT.json,https://s3.us-west-2.amazonaws.com/map-my-sections-802451596237-us-west-2/stpt-image-data/1193025570/1193025570.quantification.zip,|,,,,,,,,,,,,,,,,,,,,,,,,,,,,|,
MMS.test.038,Enhancer AAV,s3://allen-genetic-tools/tissuecyte/1122496150/ome_zarr_conversion/1122496150.zarr/,https://s3.us-west-2.amazonaws.com/allen-genetic-tools/bio_file_finder/Thumbnails/STPT/580143_STPT_Thumbnail.png,https://neuroglancer-demo.appspot.com/#!s3://allen-genetic-tools/bio_file_finder/STPT/580143_STPT.json,https://s3.us-west-2.amazonaws.com/map-my-sections-802451596237-us-west-2/stpt-image-data/1122496150/1122496150.quantification.zip,|,,,,,,,,,,,,,,,,,,,,,,,,,,,,|,
MMS.test.039,Enhancer AAV,s3://allen-genetic-tools/tissuecyte/1330654997/ome_zarr_conversion/1330654997.zarr/,https://s3.us-west-2.amazonaws.com/allen-genetic-tools/bio_file_finder/Thumbnails/STPT/710597_STPT_Thumbnail.png,https://neuroglancer-demo.appspot.com/#!s3://allen-genetic-tools/bio_file_finder/STPT/710597_STPT.json,https://s3.us-west-2.amazonaws.com/map-my-sections-802451596237-us-west-2/stpt-image-data/1330654997/1330654997.quantification.zip,|,,,,,,,,,,,,,,,,,,,,,,,,,,,,|,
MMS.test.040,Mouse transgenic line,s3://allen-genetic-tools/tissuecyte/1167393522/ome_zarr_conversion/1167393522.zarr/,https://s3.us-west-2.amazonaws.com/allen-genetic-tools/bio_file_finder/Thumbnails/STPT/616643_STPT_Thumbnail.png,https://neuroglancer-demo.appspot.com/#!s3://allen-genetic-tools/bio_file_finder/STPT/616643_STPT.json,,|,,,,,,,,,,,,,,,,,,,,,,,,,,,,|,
MMS.test.041,Enhancer AAV,s3://allen-genetic-tools/tissuecyte/1125916380/ome_zarr_conversion/1125916380.zarr/,https://s3.us-west-2.amazonaws.com/allen-genetic-tools/bio_file_finder/Thumbnails/STPT/589883_STPT_Thumbnail.png,https://neuroglancer-demo.appspot.com/#!s3://allen-genetic-tools/bio_file_finder/STPT/589883_STPT.json,https://s3.us-west-2.amazonaws.com/map-my-sections-802451596237-us-west-2/stpt-image-data/1125916380/1125916380.quantification.zip,|,,,,,,,,,,,,,,,,,,,,,,,,,,,,|,
MMS.test.042,Enhancer AAV,s3://allen-genetic-tools/tissuecyte/1334010620/ome_zarr_conversion/1334010620.zarr/,https://s3.us-west-2.amazonaws.com/allen-genetic-tools/bio_file_finder/Thumbnails/STPT/708296_STPT_Thumbnail.png,https://neuroglancer-demo.appspot.com/#!s3://allen-genetic-tools/bio_file_finder/STPT/708296_STPT.json,https://s3.us-west-2.amazonaws.com/map-my-sections-802451596237-us-west-2/stpt-image-data/1334010620/1334010620.quantification.zip,|,,,,,,,,,,,,,,,,,,,,,,,,,,,,|,
MMS.test.043,Enhancer AAV,s3://allen-genetic-tools/tissuecyte/1170198830/ome_zarr_conversion/1170198830.zarr/,https://s3.us-west-2.amazonaws.com/allen-genetic-tools/bio_file_finder/Thumbnails/STPT/617532_STPT_Thumbnail.png,https://neuroglancer-demo.appspot.com/#!s3://allen-genetic-tools/bio_file_finder/STPT/617532_STPT.json,https://s3.us-west-2.amazonaws.com/map-my-sections-802451596237-us-west-2/stpt-image-data/1170198830/1170198830.quantification.zip,|,,,,,,,,,,,,,,,,,,,,,,,,,,,,|,
MMS.test.044,Enhancer AAV,s3://allen-genetic-tools/tissuecyte/1128009090/ome_zarr_conversion/1128009090.zarr/,https://s3.us-west-2.amazonaws.com/allen-genetic-tools/bio_file_finder/Thumbnails/STPT/578063_STPT_Thumbnail.png,https://neuroglancer-demo.appspot.com/#!s3://allen-genetic-tools/bio_file_finder/STPT/578063_STPT.json,https://s3.us-west-2.amazonaws.com/map-my-sections-802451596237-us-west-2/stpt-image-data/1128009090/1128009090.quantification.zip,|,,,,,,,,,,,,,,,,,,,,,,,,,,,,|,
MMS.test.045,Enhancer AAV,s3://allen-genetic-tools/tissuecyte/1187926669/ome_zarr_conversion/1187926669.zarr/,https://s3.us-west-2.amazonaws.com/allen-genetic-tools/bio_file_finder/Thumbnails/STPT/622672_STPT_Thumbnail.png,https://neuroglancer-demo.appspot.com/#!s3://allen-genetic-tools/bio_file_finder/STPT/622672_STPT.json,https://s3.us-west-2.amazonaws.com/map-my-sections-802451596237-us-west-2/stpt-image-data/1187926669/1187926669.quantification.zip,|,,,,,,,,,,,,,,,,,,,,,,,,,,,,|,
MMS.test.046,Enhancer AAV,s3://allen-genetic-tools/tissuecyte/1227594004/ome_zarr_conversion/1227594004.zarr/,https://s3.us-west-2.amazonaws.com/allen-genetic-tools/bio_file_finder/Thumbnails/STPT/651215_STPT_Thumbnail.png,https://neuroglancer-demo.appspot.com/#!s3://allen-genetic-tools/bio_file_finder/STPT/651215_STPT.json,https://s3.us-west-2.amazonaws.com/map-my-sections-802451596237-us-west-2/stpt-image-data/1227594004/1227594004.quantification.zip,|,,,,,,,,,,,,,,,,,,,,,,,,,,,,|,
MMS.test.047,Enhancer AAV,s3://allen-genetic-tools/tissuecyte/1371226809/ome_zarr_conversion/1371226809.zarr/,https://s3.us-west-2.amazonaws.com/allen-genetic-tools/bio_file_finder/Thumbnails/STPT/738801_STPT_Thumbnail.png,https://neuroglancer-demo.appspot.com/#!s3://allen-genetic-tools/bio_file_finder/STPT/738801_STPT.json,https://s3.us-west-2.amazonaws.com/map-my-sections-802451596237-us-west-2/stpt-image-data/1371226809/1371226809.quantification.zip,|,,,,,,,,,,,,,,,,,,,,,,,,,,,,|,
MMS.test.048,Enhancer AAV,s3://allen-genetic-tools/tissuecyte/1099472983/ome_zarr_conversion/1099472983.zarr/,https://s3.us-west-2.amazonaws.com/allen-genetic-tools/bio_file_finder/Thumbnails/STPT/571075_STPT_Thumbnail.png,https://neuroglancer-demo.appspot.com/#!s3://allen-genetic-tools/bio_file_finder/STPT/571075_STPT.json,https://s3.us-west-2.amazonaws.com/map-my-sections-802451596237-us-west-2/stpt-image-data/1099472983/1099472983.quantification.zip,|,,,,,,,,,,,,,,,,,,,,,,,,,,,,|,
MMS.test.049,Enhancer AAV,s3://allen-genetic-tools/tissuecyte/1238735754/ome_zarr_conversion/1238735754.zarr/,https://s3.us-west-2.amazonaws.com/allen-genetic-tools/bio_file_finder/Thumbnails/STPT/653319_STPT_Thumbnail.png,https://neuroglancer-demo.appspot.com/#!s3://allen-genetic-tools/bio_file_finder/STPT/653319_STPT.json,https://s3.us-west-2.amazonaws.com/map-my-sections-802451596237-us-west-2/stpt-image-data/1238735754/1238735754.quantification.zip,|,,,,,,,,,,,,,,,,,,,,,,,,,,,,|,
MMS.test.050,Enhancer AAV,s3://allen-genetic-tools/tissuecyte/1292535194/ome_zarr_conversion/1292535194.zarr/,https://s3.us-west-2.amazonaws.com/allen-genetic-tools/bio_file_finder/Thumbnails/STPT/693219_STPT_Thumbnail.png,https://neuroglancer-demo.appspot.com/#!s3://allen-genetic-tools/bio_file_finder/STPT/693219_STPT.json,https://s3.us-west-2.amazonaws.com/map-my-sections-802451596237-us-west-2/stpt-image-data/1292535194/1292535194.quantification.zip,|,,,,,,,,,,,,,,,,,,,,,,,,,,,,|,
MMS.test.051,Enhancer AAV,s3://allen-genetic-tools/tissuecyte/1128000241/ome_zarr_conversion/1128000241.zarr/,https://s3.us-west-2.amazonaws.com/allen-genetic-tools/bio_file_finder/Thumbnails/STPT/571303_STPT_Thumbnail.png,https://neuroglancer-demo.appspot.com/#!s3://allen-genetic-tools/bio_file_finder/STPT/571303_STPT.json,https://s3.us-west-2.amazonaws.com/map-my-sections-802451596237-us-west-2/stpt-image-data/1128000241/1128000241.quantification.zip,|,,,,,,,,,,,,,,,,,,,,,,,,,,,,|,
MMS.test.052,Enhancer AAV,s3://allen-genetic-tools/tissuecyte/1084816119/ome_zarr_conversion/1084816119.zarr/,https://s3.us-west-2.amazonaws.com/allen-genetic-tools/bio_file_finder/Thumbnails/STPT/559484_STPT_Thumbnail.png,https://neuroglancer-demo.appspot.com/#!s3://allen-genetic-tools/bio_file_finder/STPT/559484_STPT.json,https://s3.us-west-2.amazonaws.com/map-my-sections-802451596237-us-west-2/stpt-image-data/1084816119/1084816119.quantification.zip,|,,,,,,,,,,,,,,,,,,,,,,,,,,,,|,
MMS.test.053,Enhancer AAV,s3://allen-genetic-tools/tissuecyte/1311425387/ome_zarr_conversion/1311425387.zarr/,https://s3.us-west-2.amazonaws.com/allen-genetic-tools/bio_file_finder/Thumbnails/STPT/706173_STPT_Thumbnail.png,https://neuroglancer-demo.appspot.com/#!s3://allen-genetic-tools/bio_file_finder/STPT/706173_STPT.json,https://s3.us-west-2.amazonaws.com/map-my-sections-802451596237-us-west-2/stpt-image-data/1311425387/1311425387.quantification.zip,|,,,,,,,,,,,,,,,,,,,,,,,,,,,,|,
MMS.test.054,Enhancer AAV,s3://allen-genetic-tools/tissuecyte/1345670251/ome_zarr_conversion/1345670251.zarr/,https://s3.us-west-2.amazonaws.com/allen-genetic-tools/bio_file_finder/Thumbnails/STPT/724663_STPT_Thumbnail.png,https://neuroglancer-demo.appspot.com/#!s3://allen-genetic-tools/bio_file_finder/STPT/724663_STPT.json,https://s3.us-west-2.amazonaws.com/map-my-sections-802451596237-us-west-2/stpt-image-data/1345670251/1345670251.quantification.zip,|,,,,,,,,,,,,,,,,,,,,,,,,,,,,|,
MMS.test.055,Enhancer AAV,s3://allen-genetic-tools/tissuecyte/1161563043/ome_zarr_conversion/1161563043.zarr/,https://s3.us-west-2.amazonaws.com/allen-genetic-tools/bio_file_finder/Thumbnails/STPT/615684_STPT_Thumbnail.png,https://neuroglancer-demo.appspot.com/#!s3://allen-genetic-tools/bio_file_finder/STPT/615684_STPT.json,https://s3.us-west-2.amazonaws.com/map-my-sections-802451596237-us-west-2/stpt-image-data/1161563043/1161563043.quantification.zip,|,,,,,,,,,,,,,,,,,,,,,,,,,,,,|,
MMS.test.056,Enhancer AAV,s3://allen-genetic-tools/tissuecyte/1330363961/ome_zarr_conversion/1330363961.zarr/,https://s3.us-west-2.amazonaws.com/allen-genetic-tools/bio_file_finder/Thumbnails/STPT/710233_STPT_Thumbnail.png,https://neuroglancer-demo.appspot.com/#!s3://allen-genetic-tools/bio_file_finder/STPT/710233_STPT.json,https://s3.us-west-2.amazonaws.com/map-my-sections-802451596237-us-west-2/stpt-image-data/1330363961/1330363961.quantification.zip,|,,,,,,,,,,,,,,,,,,,,,,,,,,,,|,
MMS.test.057,Enhancer AAV,s3://allen-genetic-tools/tissuecyte/1344836690/ome_zarr_conversion/1344836690.zarr/,https://s3.us-west-2.amazonaws.com/allen-genetic-tools/bio_file_finder/Thumbnails/STPT/714325_STPT_Thumbnail.png,https://neuroglancer-demo.appspot.com/#!s3://allen-genetic-tools/bio_file_finder/STPT/714325_STPT.json,https://s3.us-west-2.amazonaws.com/map-my-sections-802451596237-us-west-2/stpt-image-data/1344836690/1344836690.quantification.zip,|,,,,,,,,,,,,,,,,,,,,,,,,,,,,|,
MMS.test.058,Enhancer AAV,s3://allen-genetic-tools/tissuecyte/1300441872/ome_zarr_conversion/1300441872.zarr/,https://s3.us-west-2.amazonaws.com/allen-genetic-tools/bio_file_finder/Thumbnails/STPT/699929_STPT_Thumbnail.png,https://neuroglancer-demo.appspot.com/#!s3://allen-genetic-tools/bio_file_finder/STPT/699929_STPT.json,https://s3.us-west-2.amazonaws.com/map-my-sections-802451596237-us-west-2/stpt-image-data/1300441872/1300441872.quantification.zip,|,,,,,,,,,,,,,,,,,,,,,,,,,,,,|,
MMS.test.059,Enhancer AAV,s3://allen-genetic-tools/tissuecyte/1158408011/ome_zarr_conversion/1158408011.zarr/,https://s3.us-west-2.amazonaws.com/allen-genetic-tools/bio_file_finder/Thumbnails/STPT/613555_STPT_Thumbnail.png,https://neuroglancer-demo.appspot.com/#!s3://allen-genetic-tools/bio_file_finder/STPT/613555_STPT.json,https://s3.us-west-2.amazonaws.com/map-my-sections-802451596237-us-west-2/stpt-image-data/1158408011/1158408011.quantification.zip,|,,,,,,,,,,,,,,,,,,,,,,,,,,,,|,
MMS.test.060,Enhancer AAV,s3://allen-genetic-tools/tissuecyte/1216148694/ome_zarr_conversion/1216148694.zarr/,https://s3.us-west-2.amazonaws.com/allen-genetic-tools/bio_file_finder/Thumbnails/STPT/643077_STPT_Thumbnail.png,https://neuroglancer-demo.appspot.com/#!s3://allen-genetic-tools/bio_file_finder/STPT/643077_STPT.json,https://s3.us-west-2.amazonaws.com/map-my-sections-802451596237-us-west-2/stpt-image-data/1216148694/1216148694.quantification.zip,|,,,,,,,,,,,,,,,,,,,,,,,,,,,,|,
MMS.test.061,Enhancer AAV,s3://allen-genetic-tools/tissuecyte/1308468705/ome-zarr/,https://s3.us-west-2.amazonaws.com/allen-genetic-tools/bio_file_finder/Thumbnails/STPT/704013_STPT_Thumbnail.png,https://neuroglancer-demo.appspot.com/#!s3://allen-genetic-tools/bio_file_finder/STPT/704013_STPT.json,https://s3.us-west-2.amazonaws.com/map-my-sections-802451596237-us-west-2/stpt-image-data/1308468705/1308468705.quantification.zip,|,,,,,,,,,,,,,,,,,,,,,,,,,,,,|,
MMS.test.062,Mouse transgenic line,s3://allen-genetic-tools/tissuecyte/974889161/ome_zarr_conversion/974889161.zarr/,https://s3.us-west-2.amazonaws.com/allen-genetic-tools/bio_file_finder/Thumbnails/STPT/500022_STPT_Thumbnail.png,https://neuroglancer-demo.appspot.com/#!s3://allen-genetic-tools/bio_file_finder/STPT/500022_STPT.json,,|,,,,,,,,,,,,,,,,,,,,,,,,,,,,|,
MMS.test.063,Enhancer AAV,s3://allen-genetic-tools/tissuecyte/1344836092/ome_zarr_conversion/1344836092.zarr/,https://s3.us-west-2.amazonaws.com/allen-genetic-tools/bio_file_finder/Thumbnails/STPT/727404_STPT_Thumbnail.png,https://neuroglancer-demo.appspot.com/#!s3://allen-genetic-tools/bio_file_finder/STPT/727404_STPT.json,https://s3.us-west-2.amazonaws.com/map-my-sections-802451596237-us-west-2/stpt-image-data/1344836092/1344836092.quantification.zip,|,,,,,,,,,,,,,,,,,,,,,,,,,,,,|,
MMS.test.064,Enhancer AAV,s3://allen-genetic-tools/tissuecyte/1216024077/ome_zarr_conversion/1216024077.zarr/,https://s3.us-west-2.amazonaws.com/allen-genetic-tools/bio_file_finder/Thumbnails/STPT/643076_STPT_Thumbnail.png,https://neuroglancer-demo.appspot.com/#!s3://allen-genetic-tools/bio_file_finder/STPT/643076_STPT.json,https://s3.us-west-2.amazonaws.com/map-my-sections-802451596237-us-west-2/stpt-image-data/1216024077/1216024077.quantification.zip,|,,,,,,,,,,,,,,,,,,,,,,,,,,,,|,
MMS.test.065,Mouse transgenic line,s3://allen-genetic-tools/tissuecyte/870949224/ome_zarr_conversion/870949224.zarr/,https://s3.us-west-2.amazonaws.com/allen-genetic-tools/bio_file_finder/Thumbnails/STPT/438971_STPT_Thumbnail.png,https://neuroglancer-demo.appspot.com/#!s3://allen-genetic-tools/bio_file_finder/STPT/438971_STPT.json,,|,,,,,,,,,,,,,,,,,,,,,,,,,,,,|,
MMS.test.066,Enhancer AAV,s3://allen-genetic-tools/tissuecyte/1182745132/ome_zarr_conversion/1182745132.zarr/,https://s3.us-west-2.amazonaws.com/allen-genetic-tools/bio_file_finder/Thumbnails/STPT/629426_STPT_Thumbnail.png,https://neuroglancer-demo.appspot.com/#!s3://allen-genetic-tools/bio_file_finder/STPT/629426_STPT.json,https://s3.us-west-2.amazonaws.com/map-my-sections-802451596237-us-west-2/stpt-image-data/1182745132/1182745132.quantification.zip,|,,,,,,,,,,,,,,,,,,,,,,,,,,,,|,
MMS.test.067,Enhancer AAV,s3://allen-genetic-tools/tissuecyte/1196174583/ome_zarr_conversion/1196174583.zarr/,https://s3.us-west-2.amazonaws.com/allen-genetic-tools/bio_file_finder/Thumbnails/STPT/634493_STPT_Thumbnail.png,https://neuroglancer-demo.appspot.com/#!s3://allen-genetic-tools/bio_file_finder/STPT/634493_STPT.json,https://s3.us-west-2.amazonaws.com/map-my-sections-802451596237-us-west-2/stpt-image-data/1196174583/1196174583.quantification.zip,|,,,,,,,,,,,,,,,,,,,,,,,,,,,,|,
MMS.test.068,Enhancer AAV,s3://allen-genetic-tools/tissuecyte/1284040453/ome_zarr_conversion/1284040453.zarr/,https://s3.us-west-2.amazonaws.com/allen-genetic-tools/bio_file_finder/Thumbnails/STPT/685870_STPT_Thumbnail.png,https://neuroglancer-demo.appspot.com/#!s3://allen-genetic-tools/bio_file_finder/STPT/685870_STPT.json,https://s3.us-west-2.amazonaws.com/map-my-sections-802451596237-us-west-2/stpt-image-data/1284040453/1284040453.quantification.zip,|,,,,,,,,,,,,,,,,,,,,,,,,,,,,|,
MMS.test.069,Enhancer AAV,s3://allen-genetic-tools/tissuecyte/1390008179/ome_zarr_conversion/1390008179.zarr/,https://s3.us-west-2.amazonaws.com/allen-genetic-tools/bio_file_finder/Thumbnails/STPT/751530_STPT_Thumbnail.png,https://neuroglancer-demo.appspot.com/#!s3://allen-genetic-tools/bio_file_finder/STPT/751530_STPT.json,https://s3.us-west-2.amazonaws.com/map-my-sections-802451596237-us-west-2/stpt-image-data/1390008179/1390008179.quantification.zip,|,,,,,,,,,,,,,,,,,,,,,,,,,,,,|,
MMS.test.070,Mouse transgenic line,s3://allen-genetic-tools/tissuecyte/910325267/ome_zarr_conversion/910325267.zarr/,https://s3.us-west-2.amazonaws.com/allen-genetic-tools/bio_file_finder/Thumbnails/STPT/473276_STPT_Thumbnail.png,https://neuroglancer-demo.appspot.com/#!s3://allen-genetic-tools/bio_file_finder/STPT/473276_STPT.json,,|,,,,,,,,,,,,,,,,,,,,,,,,,,,,|,
MMS.test.071,Enhancer AAV,s3://allen-genetic-tools/tissuecyte/1196174287/ome_zarr_conversion/1196174287.zarr/,https://s3.us-west-2.amazonaws.com/allen-genetic-tools/bio_file_finder/Thumbnails/STPT/634487_STPT_Thumbnail.png,https://neuroglancer-demo.appspot.com/#!s3://allen-genetic-tools/bio_file_finder/STPT/634487_STPT.json,https://s3.us-west-2.amazonaws.com/map-my-sections-802451596237-us-west-2/stpt-image-data/1196174287/1196174287.quantification.zip,|,,,,,,,,,,,,,,,,,,,,,,,,,,,,|,
MMS.test.072,Enhancer AAV,s3://allen-genetic-tools/tissuecyte/1211563744/ome_zarr_conversion/1211563744.zarr/,https://s3.us-west-2.amazonaws.com/allen-genetic-tools/bio_file_finder/Thumbnails/STPT/638218_STPT_Thumbnail.png,https://neuroglancer-demo.appspot.com/#!s3://allen-genetic-tools/bio_file_finder/STPT/638218_STPT.json,https://s3.us-west-2.amazonaws.com/map-my-sections-802451596237-us-west-2/stpt-image-data/1211563744/1211563744.quantification.zip,|,,,,,,,,,,,,,,,,,,,,,,,,,,,,|,
MMS.test.073,Mouse transgenic line,s3://allen-genetic-tools/tissuecyte/1227595348/ome_zarr_conversion/1227595348.zarr/,https://s3.us-west-2.amazonaws.com/allen-genetic-tools/bio_file_finder/Thumbnails/STPT/642048_STPT_Thumbnail.png,https://neuroglancer-demo.appspot.com/#!s3://allen-genetic-tools/bio_file_finder/STPT/642048_STPT.json,https://s3.us-west-2.amazonaws.com/map-my-sections-802451596237-us-west-2/stpt-image-data/1227595348/1227595348.quantification.zip,|,,,,,,,,,,,,,,,,,,,,,,,,,,,,|,
MMS.test.074,Enhancer AAV,s3://allen-genetic-tools/tissuecyte/1231563203/ome_zarr_conversion/1231563203.zarr/,https://s3.us-west-2.amazonaws.com/allen-genetic-tools/bio_file_finder/Thumbnails/STPT/652140_STPT_Thumbnail.png,https://neuroglancer-demo.appspot.com/#!s3://allen-genetic-tools/bio_file_finder/STPT/652140_STPT.json,https://s3.us-west-2.amazonaws.com/map-my-sections-802451596237-us-west-2/stpt-image-data/1231563203/1231563203.quantification.zip,|,,,,,,,,,,,,,,,,,,,,,,,,,,,,|,
MMS.test.075,Enhancer AAV,s3://allen-genetic-tools/tissuecyte/1289102409/ome_zarr_conversion/1289102409.zarr/,https://s3.us-west-2.amazonaws.com/allen-genetic-tools/bio_file_finder/Thumbnails/STPT/691378_STPT_Thumbnail.png,https://neuroglancer-demo.appspot.com/#!s3://allen-genetic-tools/bio_file_finder/STPT/691378_STPT.json,https://s3.us-west-2.amazonaws.com/map-my-sections-802451596237-us-west-2/stpt-image-data/1289102409/1289102409.quantification.zip,|,,,,,,,,,,,,,,,,,,,,,,,,,,,,|,
MMS.test.076,Enhancer AAV,s3://allen-genetic-tools/tissuecyte/1329442699/ome_zarr_conversion/1329442699.zarr/,https://s3.us-west-2.amazonaws.com/allen-genetic-tools/bio_file_finder/Thumbnails/STPT/705638_STPT_Thumbnail.png,https://neuroglancer-demo.appspot.com/#!s3://allen-genetic-tools/bio_file_finder/STPT/705638_STPT.json,https://s3.us-west-2.amazonaws.com/map-my-sections-802451596237-us-west-2/stpt-image-data/1329442699/1329442699.quantification.zip,|,,,,,,,,,,,,,,,,,,,,,,,,,,,,|,
MMS.test.077,Enhancer AAV,s3://allen-genetic-tools/tissuecyte/1161875095/ome_zarr_conversion/1161875095.zarr/,https://s3.us-west-2.amazonaws.com/allen-genetic-tools/bio_file_finder/Thumbnails/STPT/615683_STPT_Thumbnail.png,https://neuroglancer-demo.appspot.com/#!s3://allen-genetic-tools/bio_file_finder/STPT/615683_STPT.json,https://s3.us-west-2.amazonaws.com/map-my-sections-802451596237-us-west-2/stpt-image-data/1161875095/1161875095.quantification.zip,|,,,,,,,,,,,,,,,,,,,,,,,,,,,,|,
MMS.test.078,Enhancer AAV,s3://allen-genetic-tools/tissuecyte/1181303312/ome_zarr_conversion/1181303312.zarr/,https://s3.us-west-2.amazonaws.com/allen-genetic-tools/bio_file_finder/Thumbnails/STPT/629429_STPT_Thumbnail.png,https://neuroglancer-demo.appspot.com/#!s3://allen-genetic-tools/bio_file_finder/STPT/629429_STPT.json,https://s3.us-west-2.amazonaws.com/map-my-sections-802451596237-us-west-2/stpt-image-data/1181303312/1181303312.quantification.zip,|,,,,,,,,,,,,,,,,,,,,,,,,,,,,|,
MMS.test.079,Enhancer AAV,s3://allen-genetic-tools/tissuecyte/1121227577/ome-zarr/,https://s3.us-west-2.amazonaws.com/allen-genetic-tools/bio_file_finder/Thumbnails/STPT/580142_STPT_Thumbnail.png,https://neuroglancer-demo.appspot.com/#!s3://allen-genetic-tools/bio_file_finder/STPT/580142_STPT.json,https://s3.us-west-2.amazonaws.com/map-my-sections-802451596237-us-west-2/stpt-image-data/1121227577/1121227577.quantification.zip,|,,,,,,,,,,,,,,,,,,,,,,,,,,,,|,
MMS.test.080,Mouse transgenic line,s3://allen-genetic-tools/tissuecyte/1386846007/ome_zarr_conversion/1386846007.zarr/,https://s3.us-west-2.amazonaws.com/allen-genetic-tools/bio_file_finder/Thumbnails/STPT/745983_STPT_Thumbnail.png,https://neuroglancer-demo.appspot.com/#!s3://allen-genetic-tools/bio_file_finder/STPT/745983_STPT.json,https://s3.us-west-2.amazonaws.com/map-my-sections-802451596237-us-west-2/stpt-image-data/1386846007/1386846007.quantification.zip,|,,,,,,,,,,,,,,,,,,,,,,,,,,,,|,
MMS.test.081,Enhancer AAV,s3://allen-genetic-tools/tissuecyte/1284077112/ome_zarr_conversion/1284077112.zarr/,https://s3.us-west-2.amazonaws.com/allen-genetic-tools/bio_file_finder/Thumbnails/STPT/685869_STPT_Thumbnail.png,https://neuroglancer-demo.appspot.com/#!s3://allen-genetic-tools/bio_file_finder/STPT/685869_STPT.json,https://s3.us-west-2.amazonaws.com/map-my-sections-802451596237-us-west-2/stpt-image-data/1284077112/1284077112.quantification.zip,|,,,,,,,,,,,,,,,,,,,,,,,,,,,,|,
MMS.test.082,Enhancer AAV,s3://allen-genetic-tools/tissuecyte/1183990916/ome_zarr_conversion/1183990916.zarr/,https://s3.us-west-2.amazonaws.com/allen-genetic-tools/bio_file_finder/Thumbnails/STPT/622138_STPT_Thumbnail.png,https://neuroglancer-demo.appspot.com/#!s3://allen-genetic-tools/bio_file_finder/STPT/622138_STPT.json,https://s3.us-west-2.amazonaws.com/map-my-sections-802451596237-us-west-2/stpt-image-data/1183990916/1183990916.quantification.zip,|,,,,,,,,,,,,,,,,,,,,,,,,,,,,|,
MMS.test.083,Enhancer AAV,s3://allen-genetic-tools/tissuecyte/1099236746/ome_zarr_conversion/1099236746.zarr/,https://s3.us-west-2.amazonaws.com/allen-genetic-tools/bio_file_finder/Thumbnails/STPT/571074_STPT_Thumbnail.png,https://neuroglancer-demo.appspot.com/#!s3://allen-genetic-tools/bio_file_finder/STPT/571074_STPT.json,https://s3.us-west-2.amazonaws.com/map-my-sections-802451596237-us-west-2/stpt-image-data/1099236746/1099236746.quantification.zip,|,,,,,,,,,,,,,,,,,,,,,,,,,,,,|,
MMS.test.084,Enhancer AAV,s3://allen-genetic-tools/tissuecyte/1367943349/ome_zarr_conversion/1367943349.zarr/,https://s3.us-west-2.amazonaws.com/allen-genetic-tools/bio_file_finder/Thumbnails/STPT/728264_STPT_Thumbnail.png,https://neuroglancer-demo.appspot.com/#!s3://allen-genetic-tools/bio_file_finder/STPT/728264_STPT.json,https://s3.us-west-2.amazonaws.com/map-my-sections-802451596237-us-west-2/stpt-image-data/1367943349/1367943349.quantification.zip,|,,,,,,,,,,,,,,,,,,,,,,,,,,,,|,
MMS.test.085,Enhancer AAV,s3://allen-genetic-tools/tissuecyte/1182607599/ome_zarr_conversion/1182607599.zarr/,https://s3.us-west-2.amazonaws.com/allen-genetic-tools/bio_file_finder/Thumbnails/STPT/629424_STPT_Thumbnail.png,https://neuroglancer-demo.appspot.com/#!s3://allen-genetic-tools/bio_file_finder/STPT/629424_STPT.json,https://s3.us-west-2.amazonaws.com/map-my-sections-802451596237-us-west-2/stpt-image-data/1182607599/1182607599.quantification.zip,|,,,,,,,,,,,,,,,,,,,,,,,,,,,,|,
MMS.test.086,Enhancer AAV,s3://allen-genetic-tools/tissuecyte/1194139746/ome_zarr_conversion/1194139746.zarr/,https://s3.us-west-2.amazonaws.com/allen-genetic-tools/bio_file_finder/Thumbnails/STPT/632615_STPT_Thumbnail.png,https://neuroglancer-demo.appspot.com/#!s3://allen-genetic-tools/bio_file_finder/STPT/632615_STPT.json,https://s3.us-west-2.amazonaws.com/map-my-sections-802451596237-us-west-2/stpt-image-data/1194139746/1194139746.quantification.zip,|,,,,,,,,,,,,,,,,,,,,,,,,,,,,|,
MMS.test.087,Mouse transgenic line,s3://allen-genetic-tools/tissuecyte/963094113/ome_zarr_conversion/963094113.zarr/,https://s3.us-west-2.amazonaws.com/allen-genetic-tools/bio_file_finder/Thumbnails/STPT/454865_STPT_Thumbnail.png,https://neuroglancer-demo.appspot.com/#!s3://allen-genetic-tools/bio_file_finder/STPT/454865_STPT.json,,|,,,,,,,,,,,,,,,,,,,,,,,,,,,,|,
MMS.test.088,Enhancer AAV,s3://allen-genetic-tools/tissuecyte/1194843596/ome_zarr_conversion/1194843596.zarr/,https://s3.us-west-2.amazonaws.com/allen-genetic-tools/bio_file_finder/Thumbnails/STPT/632622_STPT_Thumbnail.png,https://neuroglancer-demo.appspot.com/#!s3://allen-genetic-tools/bio_file_finder/STPT/632622_STPT.json,https://s3.us-west-2.amazonaws.com/map-my-sections-802451596237-us-west-2/stpt-image-data/1194843596/1194843596.quantification.zip,|,,,,,,,,,,,,,,,,,,,,,,,,,,,,|,
MMS.test.089,Enhancer AAV,s3://allen-genetic-tools/tissuecyte/1389523280/ome_zarr_conversion/1389523280.zarr/,https://s3.us-west-2.amazonaws.com/allen-genetic-tools/bio_file_finder/Thumbnails/STPT/751532_STPT_Thumbnail.png,https://neuroglancer-demo.appspot.com/#!s3://allen-genetic-tools/bio_file_finder/STPT/751532_STPT.json,https://s3.us-west-2.amazonaws.com/map-my-sections-802451596237-us-west-2/stpt-image-data/1389523280/1389523280.quantification.zip,|,,,,,,,,,,,,,,,,,,,,,,,,,,,,|,
MMS.test.090,Enhancer AAV,s3://allen-genetic-tools/tissuecyte/1226743698/ome_zarr_conversion/1226743698.zarr/,https://s3.us-west-2.amazonaws.com/allen-genetic-tools/bio_file_finder/Thumbnails/STPT/650134_STPT_Thumbnail.png,https://neuroglancer-demo.appspot.com/#!s3://allen-genetic-tools/bio_file_finder/STPT/650134_STPT.json,https://s3.us-west-2.amazonaws.com/map-my-sections-802451596237-us-west-2/stpt-image-data/1226743698/1226743698.quantification.zip,|,,,,,,,,,,,,,,,,,,,,,,,,,,,,|,
MMS.test.091,Mouse transgenic line,s3://allen-genetic-tools/tissuecyte/1161993728/ome_zarr_conversion/1161993728.zarr/,https://s3.us-west-2.amazonaws.com/allen-genetic-tools/bio_file_finder/Thumbnails/STPT/611840_STPT_Thumbnail.png,https://neuroglancer-demo.appspot.com/#!s3://allen-genetic-tools/bio_file_finder/STPT/611840_STPT.json,,|,,,,,,,,,,,,,,,,,,,,,,,,,,,,|,
MMS.test.092,Enhancer AAV,s3://allen-genetic-tools/tissuecyte/1290295780/ome_zarr_conversion/1290295780.zarr/,https://s3.us-west-2.amazonaws.com/allen-genetic-tools/bio_file_finder/Thumbnails/STPT/691385_STPT_Thumbnail.png,https://neuroglancer-demo.appspot.com/#!s3://allen-genetic-tools/bio_file_finder/STPT/691385_STPT.json,https://s3.us-west-2.amazonaws.com/map-my-sections-802451596237-us-west-2/stpt-image-data/1290295780/1290295780.quantification.zip,|,,,,,,,,,,,,,,,,,,,,,,,,,,,,|,
MMS.test.093,Enhancer AAV,s3://allen-genetic-tools/tissuecyte/1301791299/ome-zarr/,https://s3.us-west-2.amazonaws.com/allen-genetic-tools/bio_file_finder/Thumbnails/STPT/699935_STPT_Thumbnail.png,https://neuroglancer-demo.appspot.com/#!s3://allen-genetic-tools/bio_file_finder/STPT/699935_STPT.json,https://s3.us-west-2.amazonaws.com/map-my-sections-802451596237-us-west-2/stpt-image-data/1301791299/1301791299.quantification.zip,|,,,,,,,,,,,,,,,,,,,,,,,,,,,,|,
MMS.test.094,Enhancer AAV,s3://allen-genetic-tools/tissuecyte/1164765218/ome_zarr_conversion/1164765218.zarr/,https://s3.us-west-2.amazonaws.com/allen-genetic-tools/bio_file_finder/Thumbnails/STPT/616880_STPT_Thumbnail.png,https://neuroglancer-demo.appspot.com/#!s3://allen-genetic-tools/bio_file_finder/STPT/616880_STPT.json,https://s3.us-west-2.amazonaws.com/map-my-sections-802451596237-us-west-2/stpt-image-data/1164765218/1164765218.quantification.zip,|,,,,,,,,,,,,,,,,,,,,,,,,,,,,|,
MMS.test.095,Enhancer AAV,s3://allen-genetic-tools/tissuecyte/1309461016/ome_zarr_conversion/1309461016.zarr/,https://s3.us-west-2.amazonaws.com/allen-genetic-tools/bio_file_finder/Thumbnails/STPT/706033_STPT_Thumbnail.png,https://neuroglancer-demo.appspot.com/#!s3://allen-genetic-tools/bio_file_finder/STPT/706033_STPT.json,https://s3.us-west-2.amazonaws.com/map-my-sections-802451596237-us-west-2/stpt-image-data/1309461016/1309461016.quantification.zip,|,,,,,,,,,,,,,,,,,,,,,,,,,,,,|,
MMS.test.096,Mouse transgenic line,s3://allen-genetic-tools/tissuecyte/1031494525/ome_zarr_conversion/1031494525.zarr/,https://s3.us-west-2.amazonaws.com/allen-genetic-tools/bio_file_finder/Thumbnails/STPT/526723_STPT_Thumbnail.png,https://neuroglancer-demo.appspot.com/#!s3://allen-genetic-tools/bio_file_finder/STPT/526723_STPT.json,,|,,,,,,,,,,,,,,,,,,,,,,,,,,,,|,
MMS.test.097,Enhancer AAV,s3://allen-genetic-tools/tissuecyte/1198246686/ome_zarr_conversion/1198246686.zarr/,https://s3.us-west-2.amazonaws.com/allen-genetic-tools/bio_file_finder/Thumbnails/STPT/634494_STPT_Thumbnail.png,https://neuroglancer-demo.appspot.com/#!s3://allen-genetic-tools/bio_file_finder/STPT/634494_STPT.json,https://s3.us-west-2.amazonaws.com/map-my-sections-802451596237-us-west-2/stpt-image-data/1198246686/1198246686.quantification.zip,|,,,,,,,,,,,,,,,,,,,,,,,,,,,,|,
MMS.test.098,Enhancer AAV,s3://allen-genetic-tools/tissuecyte/1229171965/ome_zarr_conversion/1229171965.zarr/,https://s3.us-west-2.amazonaws.com/allen-genetic-tools/bio_file_finder/Thumbnails/STPT/651206_STPT_Thumbnail.png,https://neuroglancer-demo.appspot.com/#!s3://allen-genetic-tools/bio_file_finder/STPT/651206_STPT.json,https://s3.us-west-2.amazonaws.com/map-my-sections-802451596237-us-west-2/stpt-image-data/1229171965/1229171965.quantification.zip,|,,,,,,,,,,,,,,,,,,,,,,,,,,,,|,
MMS.test.099,Enhancer AAV,s3://allen-genetic-tools/tissuecyte/1178118374/ome_zarr_conversion/1178118374.zarr/,https://s3.us-west-2.amazonaws.com/allen-genetic-tools/bio_file_finder/Thumbnails/STPT/622125_STPT_Thumbnail.png,https://neuroglancer-demo.appspot.com/#!s3://allen-genetic-tools/bio_file_finder/STPT/622125_STPT.json,https://s3.us-west-2.amazonaws.com/map-my-sections-802451596237-us-west-2/stpt-image-data/1178118374/1178118374.quantification.zip,|,,,,,,,,,,,,,,,,,,,,,,,,,,,,|,
MMS.test.100,Mouse transgenic line,s3://allen-genetic-tools/tissuecyte/763843341/ome_zarr_conversion/763843341.zarr/,https://s3.us-west-2.amazonaws.com/allen-genetic-tools/bio_file_finder/Thumbnails/STPT/418072_STPT_Thumbnail.png,https://neuroglancer-demo.appspot.com/#!s3://allen-genetic-tools/bio_file_finder/STPT/418072_STPT.json,,|,,,,,,,,,,,,,,,,,,,,,,,,,,,,|,